itemset;tamanho;suporte_absoluto;suporte_relativo;fechado;superconjunto_mesmo_suporte;motivo
FAIXA_IDADE__IDADE_60_OU_MAIS + POSSE_CARRO__SEM_CARRO + SITUACAO_FAMILIAR__SEPARADO_VIUVO_OU_NAO_INFORMADO + FAIXA_CREDITOS_ATIVOS__UM_A_DOIS_CREDITOS_ATIVOS + FAIXA_TAXA_REJEICAO__SEM_REJEICAO_PREVIA;5;100;0.010000;NAO;FAIXA_IDADE__IDADE_60_OU_MAIS + CATEGORIA_FILHOS__SEM_FILHOS + POSSE_CARRO__SEM_CARRO + SITUACAO_FAMILIAR__SEPARADO_VIUVO_OU_NAO_INFORMADO + FAIXA_CREDITOS_ATIVOS__UM_A_DOIS_CREDITOS_ATIVOS + FAIXA_TAXA_REJEICAO__SEM_REJEICAO_PREVIA;Existe superconjunto próprio com o mesmo suporte.
FAIXA_RENDA__RENDA_BAIXA + FAIXA_IDADE__IDADE_60_OU_MAIS + POSSE_CARRO__SEM_CARRO + SITUACAO_FAMILIAR__CASADO_OU_UNIAO_CIVIL + FAIXA_CREDITOS_ATIVOS__UM_A_DOIS_CREDITOS_ATIVOS + FAIXA_TAXA_REJEICAO__SEM_REJEICAO_PREVIA;6;100;0.010000;NAO;FAIXA_RENDA__RENDA_BAIXA + FAIXA_IDADE__IDADE_60_OU_MAIS + CATEGORIA_FILHOS__SEM_FILHOS + POSSE_CARRO__SEM_CARRO + SITUACAO_FAMILIAR__CASADO_OU_UNIAO_CIVIL + FAIXA_CREDITOS_ATIVOS__UM_A_DOIS_CREDITOS_ATIVOS + FAIXA_TAXA_REJEICAO__SEM_REJEICAO_PREVIA;Existe superconjunto próprio com o mesmo suporte.
FAIXA_IDADE__IDADE_60_OU_MAIS + SITUACAO_FAMILIAR__SEPARADO_VIUVO_OU_NAO_INFORMADO + FAIXA_CREDITOS_ATIVOS__SEM_CREDITOS_ATIVOS + FAIXA_TAXA_REJEICAO__SEM_REJEICAO_PREVIA;4;103;0.010300;NAO;FAIXA_IDADE__IDADE_60_OU_MAIS + CATEGORIA_FILHOS__SEM_FILHOS + SITUACAO_FAMILIAR__SEPARADO_VIUVO_OU_NAO_INFORMADO + FAIXA_CREDITOS_ATIVOS__SEM_CREDITOS_ATIVOS + FAIXA_TAXA_REJEICAO__SEM_REJEICAO_PREVIA;Existe superconjunto próprio com o mesmo suporte.
FAIXA_CREDITO__CREDITO_BAIXO + FAIXA_IDADE__IDADE_60_OU_MAIS + POSSE_CARRO__SEM_CARRO + SITUACAO_FAMILIAR__SEPARADO_VIUVO_OU_NAO_INFORMADO + FAIXA_TAXA_REJEICAO__SEM_REJEICAO_PREVIA;5;103;0.010300;NAO;FAIXA_CREDITO__CREDITO_BAIXO + FAIXA_IDADE__IDADE_60_OU_MAIS + CATEGORIA_FILHOS__SEM_FILHOS + POSSE_CARRO__SEM_CARRO + SITUACAO_FAMILIAR__SEPARADO_VIUVO_OU_NAO_INFORMADO + FAIXA_TAXA_REJEICAO__SEM_REJEICAO_PREVIA;Existe superconjunto próprio com o mesmo suporte.
FAIXA_CREDITO__CREDITO_BAIXO + FAIXA_RENDA__RENDA_BAIXA + FAIXA_IDADE__IDADE_60_OU_MAIS + POSSE_CARRO__SEM_CARRO + SITUACAO_FAMILIAR__CASADO_OU_UNIAO_CIVIL + FAIXA_TAXA_REJEICAO__SEM_REJEICAO_PREVIA;6;104;0.010400;NAO;FAIXA_CREDITO__CREDITO_BAIXO + FAIXA_RENDA__RENDA_BAIXA + FAIXA_IDADE__IDADE_60_OU_MAIS + CATEGORIA_FILHOS__SEM_FILHOS + POSSE_CARRO__SEM_CARRO + SITUACAO_FAMILIAR__CASADO_OU_UNIAO_CIVIL + FAIXA_TAXA_REJEICAO__SEM_REJEICAO_PREVIA;Existe superconjunto próprio com o mesmo suporte.
FAIXA_CREDITO__CREDITO_MUITO_ALTO + FAIXA_RENDA__RENDA_MUITO_ALTA + FAIXA_IDADE__IDADE_60_OU_MAIS;3;105;0.010500;NAO;FAIXA_CREDITO__CREDITO_MUITO_ALTO + FAIXA_RENDA__RENDA_MUITO_ALTA + FAIXA_IDADE__IDADE_60_OU_MAIS + CATEGORIA_FILHOS__SEM_FILHOS;Existe superconjunto próprio com o mesmo suporte.
FAIXA_CREDITO__CREDITO_BAIXO + FAIXA_RENDA__RENDA_BAIXA + FAIXA_IDADE__IDADE_60_OU_MAIS + FAIXA_CREDITOS_ATIVOS__SEM_CREDITOS_ATIVOS + FAIXA_TAXA_REJEICAO__SEM_REJEICAO_PREVIA;5;105;0.010500;NAO;FAIXA_CREDITO__CREDITO_BAIXO + FAIXA_RENDA__RENDA_BAIXA + FAIXA_IDADE__IDADE_60_OU_MAIS + CATEGORIA_FILHOS__SEM_FILHOS + FAIXA_CREDITOS_ATIVOS__SEM_CREDITOS_ATIVOS + FAIXA_TAXA_REJEICAO__SEM_REJEICAO_PREVIA;Existe superconjunto próprio com o mesmo suporte.
FAIXA_CREDITO__CREDITO_BAIXO + FAIXA_RENDA__RENDA_BAIXA + FAIXA_IDADE__IDADE_60_OU_MAIS + SITUACAO_FAMILIAR__SEPARADO_VIUVO_OU_NAO_INFORMADO;4;107;0.010700;NAO;FAIXA_CREDITO__CREDITO_BAIXO + FAIXA_RENDA__RENDA_BAIXA + FAIXA_IDADE__IDADE_60_OU_MAIS + CATEGORIA_FILHOS__SEM_FILHOS + SITUACAO_FAMILIAR__SEPARADO_VIUVO_OU_NAO_INFORMADO;Existe superconjunto próprio com o mesmo suporte.
FAIXA_RENDA__RENDA_MEDIA + FAIXA_IDADE__IDADE_60_OU_MAIS + POSSE_CARRO__SEM_CARRO + SITUACAO_FAMILIAR__CASADO_OU_UNIAO_CIVIL;4;108;0.010800;NAO;FAIXA_RENDA__RENDA_MEDIA + FAIXA_IDADE__IDADE_60_OU_MAIS + CATEGORIA_FILHOS__SEM_FILHOS + POSSE_CARRO__SEM_CARRO + SITUACAO_FAMILIAR__CASADO_OU_UNIAO_CIVIL;Existe superconjunto próprio com o mesmo suporte.
FAIXA_CREDITO__CREDITO_MEDIO + FAIXA_IDADE__IDADE_60_OU_MAIS + FAIXA_CREDITOS_ATIVOS__SEM_CREDITOS_ATIVOS;3;109;0.010900;NAO;FAIXA_CREDITO__CREDITO_MEDIO + FAIXA_IDADE__IDADE_60_OU_MAIS + CATEGORIA_FILHOS__SEM_FILHOS + FAIXA_CREDITOS_ATIVOS__SEM_CREDITOS_ATIVOS;Existe superconjunto próprio com o mesmo suporte.
FAIXA_CREDITO__CREDITO_MUITO_ALTO + FAIXA_IDADE__IDADE_60_OU_MAIS + FAIXA_CREDITOS_ATIVOS__UM_A_DOIS_CREDITOS_ATIVOS;3;109;0.010900;NAO;FAIXA_CREDITO__CREDITO_MUITO_ALTO + FAIXA_IDADE__IDADE_60_OU_MAIS + CATEGORIA_FILHOS__SEM_FILHOS + FAIXA_CREDITOS_ATIVOS__UM_A_DOIS_CREDITOS_ATIVOS;Existe superconjunto próprio com o mesmo suporte.
FAIXA_IDADE__IDADE_60_OU_MAIS + SITUACAO_FAMILIAR__SEPARADO_VIUVO_OU_NAO_INFORMADO + FAIXA_CREDITOS_ATIVOS__UM_A_DOIS_CREDITOS_ATIVOS + FAIXA_TAXA_REJEICAO__SEM_REJEICAO_PREVIA;4;111;0.011100;NAO;FAIXA_IDADE__IDADE_60_OU_MAIS + CATEGORIA_FILHOS__SEM_FILHOS + SITUACAO_FAMILIAR__SEPARADO_VIUVO_OU_NAO_INFORMADO + FAIXA_CREDITOS_ATIVOS__UM_A_DOIS_CREDITOS_ATIVOS + FAIXA_TAXA_REJEICAO__SEM_REJEICAO_PREVIA;Existe superconjunto próprio com o mesmo suporte.
FAIXA_CREDITO__CREDITO_BAIXO + FAIXA_IDADE__IDADE_60_OU_MAIS + SITUACAO_FAMILIAR__SEPARADO_VIUVO_OU_NAO_INFORMADO + FAIXA_TAXA_REJEICAO__SEM_REJEICAO_PREVIA;4;112;0.011200;NAO;FAIXA_CREDITO__CREDITO_BAIXO + FAIXA_IDADE__IDADE_60_OU_MAIS + CATEGORIA_FILHOS__SEM_FILHOS + SITUACAO_FAMILIAR__SEPARADO_VIUVO_OU_NAO_INFORMADO + FAIXA_TAXA_REJEICAO__SEM_REJEICAO_PREVIA;Existe superconjunto próprio com o mesmo suporte.
FAIXA_CREDITO__CREDITO_MEDIO + FAIXA_IDADE__IDADE_60_OU_MAIS + POSSE_CARRO__SEM_CARRO + FAIXA_CREDITOS_ATIVOS__UM_A_DOIS_CREDITOS_ATIVOS;4;114;0.011400;NAO;FAIXA_CREDITO__CREDITO_MEDIO + FAIXA_IDADE__IDADE_60_OU_MAIS + CATEGORIA_FILHOS__SEM_FILHOS + POSSE_CARRO__SEM_CARRO + FAIXA_CREDITOS_ATIVOS__UM_A_DOIS_CREDITOS_ATIVOS;Existe superconjunto próprio com o mesmo suporte.
FAIXA_CREDITO__CREDITO_MUITO_ALTO + FAIXA_IDADE__IDADE_60_OU_MAIS + POSSE_CARRO__SEM_CARRO + FAIXA_TAXA_REJEICAO__SEM_REJEICAO_PREVIA;4;114;0.011400;NAO;FAIXA_CREDITO__CREDITO_MUITO_ALTO + FAIXA_IDADE__IDADE_60_OU_MAIS + CATEGORIA_FILHOS__SEM_FILHOS + POSSE_CARRO__SEM_CARRO + FAIXA_TAXA_REJEICAO__SEM_REJEICAO_PREVIA;Existe superconjunto próprio com o mesmo suporte.
FAIXA_RENDA__RENDA_ALTA + FAIXA_IDADE__IDADE_60_OU_MAIS + SITUACAO_FAMILIAR__CASADO_OU_UNIAO_CIVIL + FAIXA_TAXA_REJEICAO__SEM_REJEICAO_PREVIA;4;114;0.011400;NAO;FAIXA_RENDA__RENDA_ALTA + FAIXA_IDADE__IDADE_60_OU_MAIS + CATEGORIA_FILHOS__SEM_FILHOS + SITUACAO_FAMILIAR__CASADO_OU_UNIAO_CIVIL + FAIXA_TAXA_REJEICAO__SEM_REJEICAO_PREVIA;Existe superconjunto próprio com o mesmo suporte.
FAIXA_RENDA__RENDA_BAIXA + FAIXA_IDADE__IDADE_60_OU_MAIS + SITUACAO_FAMILIAR__CASADO_OU_UNIAO_CIVIL + FAIXA_CREDITOS_ATIVOS__SEM_CREDITOS_ATIVOS + FAIXA_TAXA_REJEICAO__SEM_REJEICAO_PREVIA;5;118;0.011800;NAO;FAIXA_RENDA__RENDA_BAIXA + FAIXA_IDADE__IDADE_60_OU_MAIS + CATEGORIA_FILHOS__SEM_FILHOS + SITUACAO_FAMILIAR__CASADO_OU_UNIAO_CIVIL + FAIXA_CREDITOS_ATIVOS__SEM_CREDITOS_ATIVOS + FAIXA_TAXA_REJEICAO__SEM_REJEICAO_PREVIA;Existe superconjunto próprio com o mesmo suporte.
FAIXA_CREDITO__CREDITO_MUITO_ALTO + FAIXA_IDADE__IDADE_60_OU_MAIS + POSSE_CARRO__SEM_CARRO + SITUACAO_FAMILIAR__CASADO_OU_UNIAO_CIVIL;4;121;0.012100;NAO;FAIXA_CREDITO__CREDITO_MUITO_ALTO + FAIXA_IDADE__IDADE_60_OU_MAIS + CATEGORIA_FILHOS__SEM_FILHOS + POSSE_CARRO__SEM_CARRO + SITUACAO_FAMILIAR__CASADO_OU_UNIAO_CIVIL;Existe superconjunto próprio com o mesmo suporte.
FAIXA_CREDITO__CREDITO_BAIXO + FAIXA_IDADE__IDADE_60_OU_MAIS + POSSE_CARRO__SEM_CARRO + FAIXA_CREDITOS_ATIVOS__SEM_CREDITOS_ATIVOS + FAIXA_TAXA_REJEICAO__SEM_REJEICAO_PREVIA;5;121;0.012100;NAO;FAIXA_CREDITO__CREDITO_BAIXO + FAIXA_IDADE__IDADE_60_OU_MAIS + CATEGORIA_FILHOS__SEM_FILHOS + POSSE_CARRO__SEM_CARRO + FAIXA_CREDITOS_ATIVOS__SEM_CREDITOS_ATIVOS + FAIXA_TAXA_REJEICAO__SEM_REJEICAO_PREVIA;Existe superconjunto próprio com o mesmo suporte.
FAIXA_RENDA__RENDA_ALTA + FAIXA_IDADE__IDADE_60_OU_MAIS + POSSE_CARRO__SEM_CARRO + SITUACAO_FAMILIAR__CASADO_OU_UNIAO_CIVIL;4;123;0.012300;NAO;FAIXA_RENDA__RENDA_ALTA + FAIXA_IDADE__IDADE_60_OU_MAIS + CATEGORIA_FILHOS__SEM_FILHOS + POSSE_CARRO__SEM_CARRO + SITUACAO_FAMILIAR__CASADO_OU_UNIAO_CIVIL;Existe superconjunto próprio com o mesmo suporte.
FAIXA_RENDA__RENDA_MEDIA + FAIXA_IDADE__IDADE_60_OU_MAIS + POSSE_CARRO__SEM_CARRO + FAIXA_TAXA_REJEICAO__SEM_REJEICAO_PREVIA;4;123;0.012300;NAO;FAIXA_RENDA__RENDA_MEDIA + FAIXA_IDADE__IDADE_60_OU_MAIS + CATEGORIA_FILHOS__SEM_FILHOS + POSSE_CARRO__SEM_CARRO + FAIXA_TAXA_REJEICAO__SEM_REJEICAO_PREVIA;Existe superconjunto próprio com o mesmo suporte.
FAIXA_CREDITO__CREDITO_BAIXO + FAIXA_RENDA__RENDA_BAIXA + FAIXA_IDADE__IDADE_60_OU_MAIS + SITUACAO_FAMILIAR__CASADO_OU_UNIAO_CIVIL + FAIXA_TAXA_REJEICAO__SEM_REJEICAO_PREVIA;5;124;0.012400;NAO;FAIXA_CREDITO__CREDITO_BAIXO + FAIXA_RENDA__RENDA_BAIXA + FAIXA_IDADE__IDADE_60_OU_MAIS + CATEGORIA_FILHOS__SEM_FILHOS + SITUACAO_FAMILIAR__CASADO_OU_UNIAO_CIVIL + FAIXA_TAXA_REJEICAO__SEM_REJEICAO_PREVIA;Existe superconjunto próprio com o mesmo suporte.
FAIXA_CREDITO__CREDITO_BAIXO + FAIXA_RENDA__RENDA_BAIXA + FAIXA_IDADE__IDADE_60_OU_MAIS + POSSE_CARRO__SEM_CARRO + FAIXA_CREDITOS_ATIVOS__SEM_CREDITOS_ATIVOS;5;126;0.012600;NAO;FAIXA_CREDITO__CREDITO_BAIXO + FAIXA_RENDA__RENDA_BAIXA + FAIXA_IDADE__IDADE_60_OU_MAIS + CATEGORIA_FILHOS__SEM_FILHOS + POSSE_CARRO__SEM_CARRO + FAIXA_CREDITOS_ATIVOS__SEM_CREDITOS_ATIVOS;Existe superconjunto próprio com o mesmo suporte.
FAIXA_RENDA__RENDA_BAIXA + FAIXA_IDADE__IDADE_60_OU_MAIS + POSSE_CARRO__SEM_CARRO + SITUACAO_FAMILIAR__CASADO_OU_UNIAO_CIVIL + FAIXA_CREDITOS_ATIVOS__SEM_CREDITOS_ATIVOS;5;127;0.012700;NAO;FAIXA_RENDA__RENDA_BAIXA + FAIXA_IDADE__IDADE_60_OU_MAIS + CATEGORIA_FILHOS__SEM_FILHOS + POSSE_CARRO__SEM_CARRO + SITUACAO_FAMILIAR__CASADO_OU_UNIAO_CIVIL + FAIXA_CREDITOS_ATIVOS__SEM_CREDITOS_ATIVOS;Existe superconjunto próprio com o mesmo suporte.
FAIXA_CREDITO__CREDITO_BAIXO + FAIXA_IDADE__IDADE_60_OU_MAIS + FAIXA_CREDITOS_ATIVOS__SEM_CREDITOS_ATIVOS + FAIXA_TAXA_REJEICAO__SEM_REJEICAO_PREVIA;4;133;0.013300;NAO;FAIXA_CREDITO__CREDITO_BAIXO + FAIXA_IDADE__IDADE_60_OU_MAIS + CATEGORIA_FILHOS__SEM_FILHOS + FAIXA_CREDITOS_ATIVOS__SEM_CREDITOS_ATIVOS + FAIXA_TAXA_REJEICAO__SEM_REJEICAO_PREVIA;Existe superconjunto próprio com o mesmo suporte.
FAIXA_IDADE__IDADE_60_OU_MAIS + POSSE_CARRO__SEM_CARRO + SITUACAO_FAMILIAR__SEPARADO_VIUVO_OU_NAO_INFORMADO + FAIXA_CREDITOS_ATIVOS__SEM_CREDITOS_ATIVOS;4;134;0.013400;NAO;FAIXA_IDADE__IDADE_60_OU_MAIS + CATEGORIA_FILHOS__SEM_FILHOS + POSSE_CARRO__SEM_CARRO + SITUACAO_FAMILIAR__SEPARADO_VIUVO_OU_NAO_INFORMADO + FAIXA_CREDITOS_ATIVOS__SEM_CREDITOS_ATIVOS;Existe superconjunto próprio com o mesmo suporte.
FAIXA_RENDA__RENDA_ALTA + FAIXA_IDADE__IDADE_60_OU_MAIS + POSSE_CARRO__SEM_CARRO + FAIXA_TAXA_REJEICAO__SEM_REJEICAO_PREVIA;4;134;0.013400;NAO;FAIXA_RENDA__RENDA_ALTA + FAIXA_IDADE__IDADE_60_OU_MAIS + CATEGORIA_FILHOS__SEM_FILHOS + POSSE_CARRO__SEM_CARRO + FAIXA_TAXA_REJEICAO__SEM_REJEICAO_PREVIA;Existe superconjunto próprio com o mesmo suporte.
FAIXA_CREDITO__CREDITO_BAIXO + FAIXA_RENDA__RENDA_BAIXA + FAIXA_IDADE__IDADE_60_OU_MAIS + FAIXA_CREDITOS_ATIVOS__SEM_CREDITOS_ATIVOS;4;138;0.013800;NAO;FAIXA_CREDITO__CREDITO_BAIXO + FAIXA_RENDA__RENDA_BAIXA + FAIXA_IDADE__IDADE_60_OU_MAIS + CATEGORIA_FILHOS__SEM_FILHOS + FAIXA_CREDITOS_ATIVOS__SEM_CREDITOS_ATIVOS;Existe superconjunto próprio com o mesmo suporte.
FAIXA_RENDA__RENDA_BAIXA + FAIXA_IDADE__IDADE_60_OU_MAIS + POSSE_CARRO__SEM_CARRO + SITUACAO_FAMILIAR__SEPARADO_VIUVO_OU_NAO_INFORMADO + FAIXA_TAXA_REJEICAO__SEM_REJEICAO_PREVIA;5;141;0.014100;NAO;FAIXA_RENDA__RENDA_BAIXA + FAIXA_IDADE__IDADE_60_OU_MAIS + CATEGORIA_FILHOS__SEM_FILHOS + POSSE_CARRO__SEM_CARRO + SITUACAO_FAMILIAR__SEPARADO_VIUVO_OU_NAO_INFORMADO + FAIXA_TAXA_REJEICAO__SEM_REJEICAO_PREVIA;Existe superconjunto próprio com o mesmo suporte.
FAIXA_CREDITO__CREDITO_BAIXO + FAIXA_RENDA__RENDA_BAIXA + FAIXA_IDADE__IDADE_60_OU_MAIS + POSSE_CARRO__SEM_CARRO + SITUACAO_FAMILIAR__CASADO_OU_UNIAO_CIVIL;5;145;0.014500;NAO;FAIXA_CREDITO__CREDITO_BAIXO + FAIXA_RENDA__RENDA_BAIXA + FAIXA_IDADE__IDADE_60_OU_MAIS + CATEGORIA_FILHOS__SEM_FILHOS + POSSE_CARRO__SEM_CARRO + SITUACAO_FAMILIAR__CASADO_OU_UNIAO_CIVIL;Existe superconjunto próprio com o mesmo suporte.
FAIXA_IDADE__IDADE_60_OU_MAIS + SITUACAO_FAMILIAR__SEPARADO_VIUVO_OU_NAO_INFORMADO + FAIXA_CREDITOS_ATIVOS__SEM_CREDITOS_ATIVOS;3;147;0.014700;NAO;FAIXA_IDADE__IDADE_60_OU_MAIS + CATEGORIA_FILHOS__SEM_FILHOS + SITUACAO_FAMILIAR__SEPARADO_VIUVO_OU_NAO_INFORMADO + FAIXA_CREDITOS_ATIVOS__SEM_CREDITOS_ATIVOS;Existe superconjunto próprio com o mesmo suporte.
FAIXA_RENDA__RENDA_BAIXA + FAIXA_IDADE__IDADE_60_OU_MAIS + SITUACAO_FAMILIAR__CASADO_OU_UNIAO_CIVIL + FAIXA_CREDITOS_ATIVOS__SEM_CREDITOS_ATIVOS;4;150;0.015000;NAO;FAIXA_RENDA__RENDA_BAIXA + FAIXA_IDADE__IDADE_60_OU_MAIS + CATEGORIA_FILHOS__SEM_FILHOS + SITUACAO_FAMILIAR__CASADO_OU_UNIAO_CIVIL + FAIXA_CREDITOS_ATIVOS__SEM_CREDITOS_ATIVOS;Existe superconjunto próprio com o mesmo suporte.
FAIXA_RENDA__RENDA_BAIXA + FAIXA_IDADE__IDADE_60_OU_MAIS + SITUACAO_FAMILIAR__SEPARADO_VIUVO_OU_NAO_INFORMADO + FAIXA_TAXA_REJEICAO__SEM_REJEICAO_PREVIA;4;151;0.015100;NAO;FAIXA_RENDA__RENDA_BAIXA + FAIXA_IDADE__IDADE_60_OU_MAIS + CATEGORIA_FILHOS__SEM_FILHOS + SITUACAO_FAMILIAR__SEPARADO_VIUVO_OU_NAO_INFORMADO + FAIXA_TAXA_REJEICAO__SEM_REJEICAO_PREVIA;Existe superconjunto próprio com o mesmo suporte.
FAIXA_CREDITO__CREDITO_BAIXO + FAIXA_IDADE__IDADE_60_OU_MAIS + POSSE_CARRO__SEM_CARRO + FAIXA_CREDITOS_ATIVOS__SEM_CREDITOS_ATIVOS;4;170;0.017000;NAO;FAIXA_CREDITO__CREDITO_BAIXO + FAIXA_IDADE__IDADE_60_OU_MAIS + CATEGORIA_FILHOS__SEM_FILHOS + POSSE_CARRO__SEM_CARRO + FAIXA_CREDITOS_ATIVOS__SEM_CREDITOS_ATIVOS;Existe superconjunto próprio com o mesmo suporte.
FAIXA_CREDITO__CREDITO_BAIXO + FAIXA_RENDA__RENDA_BAIXA + FAIXA_IDADE__IDADE_60_OU_MAIS + SITUACAO_FAMILIAR__CASADO_OU_UNIAO_CIVIL;4;170;0.017000;NAO;FAIXA_CREDITO__CREDITO_BAIXO + FAIXA_RENDA__RENDA_BAIXA + FAIXA_IDADE__IDADE_60_OU_MAIS + CATEGORIA_FILHOS__SEM_FILHOS + SITUACAO_FAMILIAR__CASADO_OU_UNIAO_CIVIL;Existe superconjunto próprio com o mesmo suporte.
FAIXA_CREDITO__CREDITO_MUITO_ALTO + FAIXA_IDADE__IDADE_60_OU_MAIS + POSSE_CARRO__SEM_CARRO;3;174;0.017400;NAO;FAIXA_CREDITO__CREDITO_MUITO_ALTO + FAIXA_IDADE__IDADE_60_OU_MAIS + CATEGORIA_FILHOS__SEM_FILHOS + POSSE_CARRO__SEM_CARRO;Existe superconjunto próprio com o mesmo suporte.
FAIXA_RENDA__RENDA_ALTA + FAIXA_IDADE__IDADE_60_OU_MAIS + FAIXA_TAXA_REJEICAO__SEM_REJEICAO_PREVIA;3;175;0.017500;NAO;FAIXA_RENDA__RENDA_ALTA + FAIXA_IDADE__IDADE_60_OU_MAIS + CATEGORIA_FILHOS__SEM_FILHOS + FAIXA_TAXA_REJEICAO__SEM_REJEICAO_PREVIA;Existe superconjunto próprio com o mesmo suporte.
FAIXA_RENDA__RENDA_ALTA + FAIXA_IDADE__IDADE_60_OU_MAIS + SITUACAO_FAMILIAR__CASADO_OU_UNIAO_CIVIL;3;181;0.018100;NAO;FAIXA_RENDA__RENDA_ALTA + FAIXA_IDADE__IDADE_60_OU_MAIS + CATEGORIA_FILHOS__SEM_FILHOS + SITUACAO_FAMILIAR__CASADO_OU_UNIAO_CIVIL;Existe superconjunto próprio com o mesmo suporte.
FAIXA_CREDITO__CREDITO_BAIXO + FAIXA_IDADE__IDADE_60_OU_MAIS + FAIXA_CREDITOS_ATIVOS__SEM_CREDITOS_ATIVOS;3;185;0.018500;NAO;FAIXA_CREDITO__CREDITO_BAIXO + FAIXA_IDADE__IDADE_60_OU_MAIS + CATEGORIA_FILHOS__SEM_FILHOS + FAIXA_CREDITOS_ATIVOS__SEM_CREDITOS_ATIVOS;Existe superconjunto próprio com o mesmo suporte.
FAIXA_RENDA__RENDA_BAIXA + FAIXA_IDADE__IDADE_60_OU_MAIS + POSSE_CARRO__SEM_CARRO + SITUACAO_FAMILIAR__SEPARADO_VIUVO_OU_NAO_INFORMADO;4;193;0.019300;NAO;FAIXA_RENDA__RENDA_BAIXA + FAIXA_IDADE__IDADE_60_OU_MAIS + CATEGORIA_FILHOS__SEM_FILHOS + POSSE_CARRO__SEM_CARRO + SITUACAO_FAMILIAR__SEPARADO_VIUVO_OU_NAO_INFORMADO;Existe superconjunto próprio com o mesmo suporte.
FAIXA_RENDA__RENDA_BAIXA + FAIXA_IDADE__IDADE_60_OU_MAIS + POSSE_CARRO__SEM_CARRO + FAIXA_CREDITOS_ATIVOS__SEM_CREDITOS_ATIVOS + FAIXA_TAXA_REJEICAO__SEM_REJEICAO_PREVIA;5;194;0.019400;NAO;FAIXA_RENDA__RENDA_BAIXA + FAIXA_IDADE__IDADE_60_OU_MAIS + CATEGORIA_FILHOS__SEM_FILHOS + POSSE_CARRO__SEM_CARRO + FAIXA_CREDITOS_ATIVOS__SEM_CREDITOS_ATIVOS + FAIXA_TAXA_REJEICAO__SEM_REJEICAO_PREVIA;Existe superconjunto próprio com o mesmo suporte.
FAIXA_RENDA__RENDA_BAIXA + FAIXA_IDADE__IDADE_60_OU_MAIS + SITUACAO_FAMILIAR__SEPARADO_VIUVO_OU_NAO_INFORMADO;3;207;0.020700;NAO;FAIXA_RENDA__RENDA_BAIXA + FAIXA_IDADE__IDADE_60_OU_MAIS + CATEGORIA_FILHOS__SEM_FILHOS + SITUACAO_FAMILIAR__SEPARADO_VIUVO_OU_NAO_INFORMADO;Existe superconjunto próprio com o mesmo suporte.
FAIXA_RENDA__RENDA_BAIXA + FAIXA_IDADE__IDADE_60_OU_MAIS + FAIXA_CREDITOS_ATIVOS__SEM_CREDITOS_ATIVOS + FAIXA_TAXA_REJEICAO__SEM_REJEICAO_PREVIA;4;220;0.022000;NAO;FAIXA_RENDA__RENDA_BAIXA + FAIXA_IDADE__IDADE_60_OU_MAIS + CATEGORIA_FILHOS__SEM_FILHOS + FAIXA_CREDITOS_ATIVOS__SEM_CREDITOS_ATIVOS + FAIXA_TAXA_REJEICAO__SEM_REJEICAO_PREVIA;Existe superconjunto próprio com o mesmo suporte.
FAIXA_IDADE__IDADE_60_OU_MAIS + POSSE_CARRO__SEM_CARRO + SITUACAO_FAMILIAR__SEPARADO_VIUVO_OU_NAO_INFORMADO + FAIXA_TAXA_REJEICAO__SEM_REJEICAO_PREVIA;4;243;0.024300;NAO;FAIXA_IDADE__IDADE_60_OU_MAIS + CATEGORIA_FILHOS__SEM_FILHOS + POSSE_CARRO__SEM_CARRO + SITUACAO_FAMILIAR__SEPARADO_VIUVO_OU_NAO_INFORMADO + FAIXA_TAXA_REJEICAO__SEM_REJEICAO_PREVIA;Existe superconjunto próprio com o mesmo suporte.
FAIXA_RENDA__RENDA_BAIXA + FAIXA_IDADE__IDADE_60_OU_MAIS + POSSE_CARRO__SEM_CARRO + FAIXA_CREDITOS_ATIVOS__SEM_CREDITOS_ATIVOS;4;252;0.025200;NAO;FAIXA_RENDA__RENDA_BAIXA + FAIXA_IDADE__IDADE_60_OU_MAIS + CATEGORIA_FILHOS__SEM_FILHOS + POSSE_CARRO__SEM_CARRO + FAIXA_CREDITOS_ATIVOS__SEM_CREDITOS_ATIVOS;Existe superconjunto próprio com o mesmo suporte.
FAIXA_IDADE__IDADE_60_OU_MAIS + SITUACAO_FAMILIAR__SEPARADO_VIUVO_OU_NAO_INFORMADO + FAIXA_TAXA_REJEICAO__SEM_REJEICAO_PREVIA;3;264;0.026400;NAO;FAIXA_IDADE__IDADE_60_OU_MAIS + CATEGORIA_FILHOS__SEM_FILHOS + SITUACAO_FAMILIAR__SEPARADO_VIUVO_OU_NAO_INFORMADO + FAIXA_TAXA_REJEICAO__SEM_REJEICAO_PREVIA;Existe superconjunto próprio com o mesmo suporte.
FAIXA_RENDA__RENDA_BAIXA + FAIXA_IDADE__IDADE_60_OU_MAIS + FAIXA_CREDITOS_ATIVOS__SEM_CREDITOS_ATIVOS;3;285;0.028500;NAO;FAIXA_RENDA__RENDA_BAIXA + FAIXA_IDADE__IDADE_60_OU_MAIS + CATEGORIA_FILHOS__SEM_FILHOS + FAIXA_CREDITOS_ATIVOS__SEM_CREDITOS_ATIVOS;Existe superconjunto próprio com o mesmo suporte.
